<?xml version="1.0" encoding="UTF-8"?>
<ksdk:examples xmlns:ksdk="http://nxp.com/ksdk/2.0/ksdk_manifest_v3.0.xsd" xmlns:xsi="http://www.w3.org/2001/XMLSchema-instance" xsi:schemaLocation="http://nxp.com/ksdk/2.0/ksdk_manifest_v3.0.xsd manifest.xsd">
  <externalDefinitions>
    <definition extID="core0_LPC845"/>
    <definition extID="platform.drivers.clock.LPC845"/>
    <definition extID="platform.drivers.inputmux_connections.LPC845"/>
    <definition extID="platform.drivers.power.LPC845"/>
    <definition extID="platform.drivers.reset.LPC845"/>
    <definition extID="platform.drivers.swm_connections.LPC845"/>
    <definition extID="platform.drivers.syscon_connections.LPC845"/>
    <definition extID="CMSIS_Include_core_cm.LPC845"/>
    <definition extID="device.LPC845_CMSIS.LPC845"/>
    <definition extID="device.LPC845_system.LPC845"/>
    <definition extID="device.LPC845_startup.LPC845"/>
    <definition extID="platform.drivers.common.LPC845"/>
    <definition extID="platform.drivers.ctimer.LPC845"/>
    <definition extID="platform.drivers.inputmux.LPC845"/>
    <definition extID="platform.drivers.lpc_gpio.LPC845"/>
    <definition extID="platform.drivers.lpc_iocon_lite.LPC845"/>
    <definition extID="platform.drivers.lpc_miniusart.LPC845"/>
    <definition extID="platform.drivers.swm.LPC845"/>
    <definition extID="platform.drivers.syscon.LPC845"/>
    <definition extID="platform.utilities.assert_lite.LPC845"/>
    <definition extID="platform.utilities.misc_utilities.LPC845"/>
    <definition extID="utility.str.LPC845"/>
    <definition extID="utility.debug_console_lite.LPC845"/>
    <definition extID="component.miniusart_adapter.LPC845"/>
    <definition extID="iar"/>
    <definition extID="mdk"/>
    <definition extID="armgcc"/>
    <definition extID="mcuxpresso"/>
    <definition extID="com.nxp.mcuxpresso"/>
  </externalDefinitions>
  <example id="lpc845breakout_ctimer_match_example" name="ctimer_match_example" device_core="core0_LPC845" dependency="platform.drivers.clock.LPC845 platform.drivers.inputmux_connections.LPC845 platform.drivers.power.LPC845 platform.drivers.reset.LPC845 platform.drivers.swm_connections.LPC845 platform.drivers.syscon_connections.LPC845 CMSIS_Include_core_cm.LPC845 device.LPC845_CMSIS.LPC845 device.LPC845_system.LPC845 device.LPC845_startup.LPC845 platform.drivers.common.LPC845 platform.drivers.ctimer.LPC845 platform.drivers.inputmux.LPC845 platform.drivers.lpc_gpio.LPC845 platform.drivers.lpc_iocon_lite.LPC845 platform.drivers.lpc_miniusart.LPC845 platform.drivers.swm.LPC845 platform.drivers.syscon.LPC845 platform.utilities.assert_lite.LPC845 platform.utilities.misc_utilities.LPC845 utility.str.LPC845 utility.debug_console_lite.LPC845 component.miniusart_adapter.LPC845" category="driver_examples/ctimer">
    <projects>
      <project type="com.crt.advproject.projecttype.exe" nature="org.eclipse.cdt.core.cnature"/>
    </projects>
    <toolchainSettings>
      <toolchainSetting id_refs="com.nxp.mcuxpresso">
        <option id="gnu.c.compiler.option.preprocessor.def.symbols" type="stringList">
          <value>MCUXPRESSO_SDK</value>
          <value>CPU_LPC845M301JBD64</value>
          <value>SDK_DEBUGCONSOLE=1</value>
          <value>MCUX_META_BUILD</value>
          <value>CPU_LPC845M301JBD48</value>
        </option>
        <option id="com.crt.advproject.gas.fpu" type="enum">
          <value>com.crt.advproject.gas.fpu.none</value>
        </option>
        <option id="gnu.c.compiler.option.optimization.flags" type="string">
          <value>-fno-common</value>
        </option>
        <option id="com.crt.advproject.c.misc.dialect" type="enum">
          <value>com.crt.advproject.misc.dialect.gnu99</value>
        </option>
        <option id="com.crt.advproject.gcc.fpu" type="enum">
          <value>com.crt.advproject.gcc.fpu.none</value>
        </option>
        <option id="gnu.c.compiler.option.misc.other" type="string">
          <value>-c -ffunction-sections -fdata-sections -fno-builtin</value>
        </option>
        <option id="gnu.c.compiler.option.warnings.allwarn" type="boolean">
          <value>false</value>
        </option>
        <option id="gnu.c.compiler.option.warnings.toerrors" type="boolean">
          <value>false</value>
        </option>
        <option id="gnu.c.link.option.nostdlibs" type="boolean">
          <value>true</value>
        </option>
        <option id="gnu.c.link.option.other" type="stringList">
          <value>-no-warn-rwx-segments</value>
        </option>
        <option id="com.crt.advproject.link.fpu" type="enum">
          <value>com.crt.advproject.link.fpu.none</value>
        </option>
        <option id="gnu.c.link.option.group" type="boolean">
          <value>true</value>
        </option>
      </toolchainSetting>
    </toolchainSettings>
    <include_paths>
      <include_path path="." project_relative_path="source" type="c_include"/>
      <include_path path="." project_relative_path="board" type="c_include"/>
      <include_path path="." project_relative_path="source" type="asm_include"/>
    </include_paths>
    <source path="iar" project_relative_path="./" type="workspace" toolchain="iar">
      <files mask="ctimer_match_example.ewd"/>
      <files mask="ctimer_match_example.ewp"/>
      <files mask="ctimer_match_example.eww"/>
    </source>
    <source path="mdk" project_relative_path="./" type="workspace" toolchain="mdk">
      <files mask="ctimer_match_example.uvprojx"/>
      <files mask="ctimer_match_example.uvoptx"/>
      <files mask="JLinkSettings.ini"/>
      <files mask="ctimer_match_example.uvmpw"/>
    </source>
    <source path="armgcc" project_relative_path="./" type="workspace" toolchain="armgcc">
      <files mask="build_all.bat"/>
      <files mask="build_all.sh"/>
      <files mask="clean.bat"/>
      <files mask="clean.sh"/>
      <files mask="CMakeLists.txt"/>
      <files mask="flags.cmake"/>
      <files mask="config.cmake"/>
      <files mask="build_debug.bat"/>
      <files mask="build_debug.sh"/>
      <files mask="build_release.bat"/>
      <files mask="build_release.sh"/>
    </source>
    <source path="../../../../../devices/LPC845" project_relative_path="./" type="workspace" toolchain="armgcc">
      <files mask="all_lib_device.cmake"/>
    </source>
    <source path="." project_relative_path="source" type="src">
      <files mask="simple_match.c"/>
    </source>
    <source path="." project_relative_path="board" type="c_include">
      <files mask="board.h"/>
      <files mask="clock_config.h"/>
    </source>
    <source path="." project_relative_path="board" type="src">
      <files mask="board.c"/>
      <files mask="clock_config.c"/>
    </source>
    <source path="iar" project_relative_path="LPC845/iar" type="linker" toolchain="iar">
      <files mask="LPC845_flash.icf"/>
    </source>
    <source path="armgcc" project_relative_path="LPC845/armgcc" type="linker" toolchain="armgcc">
      <files mask="LPC845_flash.ld"/>
    </source>
    <source path="mdk" project_relative_path="LPC845/mdk" type="linker" toolchain="mdk">
      <files mask="LPC845_flash.scf"/>
    </source>
    <source path="." project_relative_path="board" type="src">
      <files mask="pin_mux.c"/>
      <files mask="hardware_init.c"/>
    </source>
    <source path="." project_relative_path="board" type="c_include">
      <files mask="pin_mux.h"/>
      <files mask="app.h"/>
    </source>
    <source path="." project_relative_path="source" type="c_preinclude">
      <files mask="mcux_config.h"/>
    </source>
    <source path="." project_relative_path="doc" type="doc">
      <files mask="readme.md"/>
    </source>
    <source path="." project_relative_path="doc" type="doc">
      <files mask="example_board_readme.md"/>
    </source>
    <source path="." project_relative_path="doc" type="doc">
      <files mask="examples_shared_readme.md"/>
    </source>
  </example>
</ksdk:examples>
